"sep=,"
# metadata
# timestamp,2026-08-14T11:11:56.254352
# applied_potential,-0.1500
# run_time,90.0
# verdict,INCONCLUSIVE
# explanation,Signal has not stabilized (|dI/dt| = 105.626291 µA/s > 0.01 µA/s).
time,current
0.0000,-113935.808000
0.1000,-42063.964000
0.2000,-44353.264000
0.3000,-22673.540000
0.4000,-20402.190000
0.5000,-19024.292000
0.6000,-17732.212000
0.7000,-19625.590000
0.8000,-20195.746000
0.9000,-18147.460000
1.0000,-17788.576000
1.1000,-20084.914000
1.2000,-16931.230000
1.3000,-18147.098000
1.4000,-17889.220000
1.5000,-16677.752000
1.6000,-17372.756000
1.7000,-16003.298000
1.8000,-16939.932000
1.9000,-17770.604000
2.0000,-15340.930000
2.1000,-16014.697000
2.2000,-16202.497000
2.3000,-16042.737000
2.4000,-16056.123000
2.5000,-15552.153000
2.6000,-16041.383000
2.7000,-15960.003000
2.8000,-15036.226000
2.9000,-16200.918000
3.0000,-17933.566000
3.1000,-14769.278000
3.2000,-15015.931000
3.3000,-16912.908000
3.4000,-15852.823000
3.5000,-16301.579000
3.6000,-16729.567000
3.7000,-15584.371000
3.8000,-14431.387000
3.9000,-13597.695000
4.0000,-14224.709000
4.1000,-15963.801000
4.2000,-15399.420000
4.3000,-14121.858000
4.4000,-14280.349000
4.5000,-13378.646000
4.6000,-15330.021000
4.7000,-14973.496000
4.8000,-13212.229000
4.9000,-13554.846000
5.0000,-17448.406000
5.1000,-12355.248000
5.2000,-15831.578000
5.3000,-13378.477000
5.4000,-14468.860000
5.5000,-16731.082000
5.6000,-13817.953000
5.7000,-15456.765000
5.8000,-15456.455000
5.9000,-14794.321000
6.0000,-14672.761000
6.1000,-13648.047000
6.2000,-14278.878000
6.3000,-12460.533000
6.4000,-13776.672000
6.5000,-14332.987000
6.6000,-14191.220000
6.7000,-13880.430000
6.8000,-13476.192000
6.9000,-14000.421000
7.0000,-14972.066000
7.1000,-14594.437000
7.2000,-13850.795000
7.3000,-13032.791000
7.4000,-12389.011000
7.5000,-13135.308000
7.6000,-14385.049000
7.7000,-12371.399000
7.8000,-15664.891000
7.9000,-12656.077000
8.0000,-15775.729000
8.1000,-14052.668000
8.2000,-15960.371000
8.3000,-14102.409000
8.4000,-14824.769000
8.5000,-14552.864000
8.6000,-13377.929000
8.7000,-15024.927000
8.8000,-15657.260000
8.9000,-15111.780000
9.0000,-14428.495000
9.1000,-14017.455000
9.2000,-14646.574000
9.3000,-14092.399000
9.4000,-14227.646000
9.5000,-14198.766000
9.6000,-16184.701000
9.7000,-14048.891000
9.8000,-16245.501000
9.9000,-14180.113000
10.0000,-14760.456000
10.1000,-17306.176000
10.2000,-14932.098000
10.3000,-15289.297000
10.4000,-14765.115000
10.5000,-14825.899000
10.6000,-14386.714000
10.7000,-15567.792000
10.8000,-15957.448000
10.9000,-16341.797000
11.0000,-16075.542000
11.1000,-16153.949000
11.2000,-16639.896000
11.3000,-14306.778000
11.4000,-14345.934000
11.5000,-16750.336000
11.6000,-16418.950000
11.7000,-16894.786000
11.8000,-16158.202000
11.9000,-13005.815000
12.0000,-15194.269000
12.1000,-17169.328000
12.2000,-15558.907000
12.3000,-17183.018000
12.4000,-15638.314000
12.5000,-17760.384000
12.6000,-17226.990000
12.7000,-16936.254000
12.8000,-19172.110000
12.9000,-16917.970000
13.0000,-18123.396000
13.1000,-18086.152000
13.2000,-17028.944000
13.3000,-16208.481000
13.4000,-16474.484000
13.5000,-16949.950000
13.6000,-18155.744000
13.7000,-16935.112000
13.8000,-17146.082000
13.9000,-17218.784000
14.0000,-17818.844000
14.1000,-15762.650000
14.2000,-15657.301000
14.3000,-16559.664000
14.4000,-17091.122000
14.5000,-16565.190000
14.6000,-17245.928000
14.7000,-18677.358000
14.8000,-17916.468000
14.9000,-18832.474000
15.0000,-16898.866000
15.1000,-17961.504000
15.2000,-17269.284000
15.3000,-16936.338000
15.4000,-15926.900000
15.5000,-15477.599000
15.6000,-17737.456000
15.7000,-18970.212000
15.8000,-15540.456000
15.9000,-19015.670000
16.0000,-15339.047000
16.1000,-17760.910000
16.2000,-16501.584000
16.3000,-18520.354000
16.4000,-15774.063000
16.5000,-18030.584000
16.6000,-15158.974000
16.7000,-17317.032000
16.8000,-17543.656000
16.9000,-16175.134000
17.0000,-16144.890000
17.1000,-14936.944000
17.2000,-15417.997000
17.3000,-15448.519000
17.4000,-14611.340000
17.5000,-14353.706000
17.6000,-16606.524000
17.7000,-14502.392000
17.8000,-15514.922000
17.9000,-16040.703000
18.0000,-16337.802000
18.1000,-15805.435000
18.2000,-14104.831000
18.3000,-15974.880000
18.4000,-16964.948000
18.5000,-15749.522000
18.6000,-13042.050000
18.7000,-14404.604000
18.8000,-13958.923000
18.9000,-15680.056000
19.0000,-13192.749000
19.1000,-14647.449000
19.2000,-12539.128000
19.3000,-15326.657000
19.4000,-13106.101000
19.5000,-14444.814000
19.6000,-16655.027000
19.7000,-16520.461000
19.8000,-13324.179000
19.9000,-15050.917000
20.0000,-12744.195000
20.1000,-12359.604000
20.2000,-11238.999000
20.3000,-13648.154000
20.4000,-14940.372000
20.5000,-14527.027000
20.6000,-13804.071000
20.7000,-14391.101000
20.8000,-12950.699000
20.9000,-13827.103000
21.0000,-12151.576000
21.1000,-15331.160000
21.2000,-13957.891000
21.3000,-13915.207000
21.4000,-15339.573000
21.5000,-13939.892000
21.6000,-14092.848000
21.7000,-12790.626000
21.8000,-13731.947000
21.9000,-12689.917000
22.0000,-13016.954000
22.1000,-13279.179000
22.2000,-12476.866000
22.3000,-13211.799000
22.4000,-12876.125000
22.5000,-13467.855000
22.6000,-15193.175000
22.7000,-12672.431000
22.8000,-12533.181000
22.9000,-13706.023000
23.0000,-13862.560000
23.1000,-11658.976000
23.2000,-14857.750000
23.3000,-12773.949000
23.4000,-13469.786000
23.5000,-12408.812000
23.6000,-11615.963000
23.7000,-12665.492000
23.8000,-12036.661000
23.9000,-13819.617000
24.0000,-12644.015000
24.1000,-12269.128000
24.2000,-13012.012000
24.3000,-13399.379000
24.4000,-12969.456000
24.5000,-12681.674000
24.6000,-12389.383000
24.7000,-11056.926000
24.8000,-11146.192000
24.9000,-12290.961000
25.0000,-11869.257000
25.1000,-12261.229000
25.2000,-11633.088000
25.3000,-11192.474000
25.4000,-11189.317000
25.5000,-14415.130000
25.6000,-12488.844000
25.7000,-12196.994000
25.8000,-11773.288000
25.9000,-11717.044000
26.0000,-11584.769000
26.1000,-8657.094000
26.2000,-10743.659000
26.3000,-11961.817000
26.4000,-12443.386000
26.5000,-10705.643000
26.6000,-11270.636000
26.7000,-11387.854000
26.8000,-11367.490000
26.9000,-12811.993000
27.0000,-12939.583000
27.1000,-11099.978000
27.2000,-11913.312000
27.3000,-11888.097000
27.4000,-12659.503000
27.5000,-12664.220000
27.6000,-11420.932000
27.7000,-11493.791000
27.8000,-12138.831000
27.9000,-11069.886000
28.0000,-12986.022000
28.1000,-10793.490000
28.2000,-11652.718000
28.3000,-11666.594000
28.4000,-13830.907000
28.5000,-12875.791000
28.6000,-13838.977000
28.7000,-11336.364000
28.8000,-15068.423000
28.9000,-14151.444000
29.0000,-12128.395000
29.1000,-12288.730000
29.2000,-11753.466000
29.3000,-12220.493000
29.4000,-12099.998000
29.5000,-12716.779000
29.6000,-11274.922000
29.7000,-12660.782000
29.8000,-11567.384000
29.9000,-8936.687000
30.0000,-11839.501000
30.1000,-12117.606000
30.2000,-11549.889000
30.3000,-10334.948000
30.4000,-10714.454000
30.5000,-10906.767000
30.6000,-11839.037000
30.7000,-11305.800000
30.8000,-8024.840000
30.9000,-11273.603000
31.0000,-8314.055000
31.1000,-10722.728000
31.2000,-11909.527000
31.3000,-9094.684000
31.4000,-8139.874000
31.5000,-8225.272000
31.6000,-7295.101000
31.7000,-7121.816000
31.8000,-9689.182000
31.9000,-6281.325000
32.0000,-6360.943000
32.1000,-6777.313000
32.2000,-5111.379000
32.3000,-4766.234000
32.4000,-7508.068000
32.5000,-6402.660000
32.6000,-5463.128000
32.7000,-4416.953000
32.8000,-5693.747000
32.9000,-4776.618000
33.0000,-3599.044000
33.1000,-2596.876000
33.2000,-2876.745000
33.3000,-3532.096000
33.4000,-2237.266000
33.5000,-3021.502000
33.6000,-1920.679000
33.7000,-3101.877000
33.8000,-3633.058000
33.9000,-2748.419000
34.0000,-1662.039000
34.1000,-2303.866000
34.2000,-3471.535000
34.3000,-2667.736000
34.4000,-1876.036000
34.5000,-594.282000
34.6000,-2730.581000
34.7000,-2520.287000
34.8000,-2573.808000
34.9000,-3002.596000
35.0000,-188.553000
35.1000,-1013.439000
35.2000,-2368.344000
35.3000,-2502.780000
35.4000,-1957.595000
35.5000,-1352.955000
35.6000,-900.545000
35.7000,-1971.279000
35.8000,-474.137000
35.9000,-1476.692000
36.0000,-1147.719000
36.1000,-2518.948000
36.2000,-81.341312
36.3000,-1647.103000
36.4000,-2210.688000
36.5000,-3379.297000
36.6000,-607.930000
36.7000,-3742.380000
36.8000,-2173.557000
36.9000,-2186.907000
37.0000,-2541.045000
37.1000,-2606.496000
37.2000,-3479.306000
37.3000,-2387.092000
37.4000,-3021.042000
37.5000,-3069.501000
37.6000,-4822.714000
37.7000,-2517.237000
37.8000,-2772.039000
37.9000,-4579.630000
38.0000,-4086.592000
38.1000,-4699.651000
38.2000,-3376.945000
38.3000,-4470.896000
38.4000,-2459.320000
38.5000,-3041.340000
38.6000,-3040.576000
38.7000,-3594.432000
38.8000,-3561.590000
38.9000,-2541.056000
39.0000,-3294.734000
39.1000,-3413.554000
39.2000,-4746.328000
39.3000,-4578.921000
39.4000,-3376.864000
39.5000,-4293.240000
39.6000,-4391.733000
39.7000,-5594.842000
39.8000,-5047.096000
39.9000,-5270.069000
40.0000,-6316.961000
40.1000,-4031.548000
40.2000,-4880.560000
40.3000,-6460.987000
40.4000,-7202.240000
40.5000,-7699.993000
40.6000,-6632.547000
40.7000,-5934.358000
40.8000,-6360.907000
40.9000,-8396.431000
41.0000,-8866.472000
41.1000,-9394.525000
41.2000,-9959.883000
41.3000,-9304.675000
41.4000,-8467.441000
41.5000,-10128.121000
41.6000,-11587.707000
41.7000,-9838.462000
41.8000,-10640.092000
41.9000,-11763.347000
42.0000,-10860.034000
42.1000,-10517.093000
42.2000,-13769.480000
42.3000,-11441.784000
42.4000,-12934.031000
42.5000,-14244.960000
42.6000,-15587.442000
42.7000,-14654.249000
42.8000,-15868.824000
42.9000,-15601.637000
43.0000,-16564.202000
43.1000,-14162.200000
43.2000,-17728.580000
43.3000,-18082.092000
43.4000,-16198.877000
43.5000,-17806.224000
43.6000,-18059.260000
43.7000,-17084.470000
43.8000,-17809.932000
43.9000,-17314.198000
44.0000,-19446.738000
44.1000,-19902.976000
44.2000,-18973.830000
44.3000,-17811.738000
44.4000,-18218.814000
44.5000,-21485.682000
44.6000,-18867.020000
44.7000,-19029.044000
44.8000,-20447.130000
44.9000,-19159.032000
45.0000,-19988.120000
45.1000,-19764.706000
45.2000,-20430.802000
45.3000,-19048.948000
45.4000,-18309.318000
45.5000,-20629.610000
45.6000,-18793.176000
45.7000,-18543.666000
45.8000,-19456.670000
45.9000,-19004.724000
46.0000,-19381.882000
46.1000,-17800.090000
46.2000,-19357.618000
46.3000,-18922.000000
46.4000,-19684.862000
46.5000,-19863.584000
46.6000,-18740.146000
46.7000,-17517.344000
46.8000,-17891.356000
46.9000,-17138.176000
47.0000,-19539.306000
47.1000,-18979.050000
47.2000,-17202.484000
47.3000,-18179.618000
47.4000,-17910.356000
47.5000,-19155.432000
47.6000,-16409.572000
47.7000,-17362.188000
47.8000,-17692.592000
47.9000,-17269.454000
48.0000,-17522.660000
48.1000,-16135.557000
48.2000,-16505.314000
48.3000,-16758.900000
48.4000,-15821.772000
48.5000,-16936.492000
48.6000,-14697.528000
48.7000,-17524.482000
48.8000,-16997.058000
48.9000,-17393.062000
49.0000,-17135.786000
49.1000,-15703.236000
49.2000,-16015.292000
49.3000,-15022.094000
49.4000,-14388.095000
49.5000,-13964.765000
49.6000,-15724.010000
49.7000,-14288.611000
49.8000,-15004.522000
49.9000,-17056.136000
50.0000,-15721.316000
50.1000,-12656.263000
50.2000,-14575.315000
50.3000,-14912.848000
50.4000,-15379.875000
50.5000,-12518.804000
50.6000,-13398.800000
50.7000,-12515.008000
50.8000,-13140.575000
50.9000,-12928.986000
51.0000,-15151.054000
51.1000,-13501.372000
51.2000,-13834.703000
51.3000,-11382.807000
51.4000,-13195.517000
51.5000,-13914.071000
51.6000,-14398.163000
51.7000,-12422.263000
51.8000,-13024.341000
51.9000,-13116.509000
52.0000,-13028.130000
52.1000,-11238.307000
52.2000,-14329.851000
52.3000,-13058.593000
52.4000,-11508.693000
52.5000,-12495.558000
52.6000,-12311.601000
52.7000,-12503.151000
52.8000,-11373.445000
52.9000,-12686.551000
53.0000,-10909.313000
53.1000,-13752.028000
53.2000,-12414.172000
53.3000,-12991.488000
53.4000,-11836.481000
53.5000,-11825.695000
53.6000,-12269.742000
53.7000,-10063.672000
53.8000,-12220.550000
53.9000,-12366.101000
54.0000,-10189.760000
54.1000,-10967.613000
54.2000,-12213.510000
54.3000,-12141.758000
54.4000,-11487.273000
54.5000,-11719.179000
54.6000,-11285.364000
54.7000,-11557.875000
54.8000,-11326.731000
54.9000,-10850.202000
55.0000,-11257.986000
55.1000,-9666.300000
55.2000,-8603.841000
55.3000,-11348.184000
55.4000,-12017.845000
55.5000,-9780.247000
55.6000,-11496.883000
55.7000,-11423.331000
55.8000,-13020.058000
55.9000,-14063.259000
56.0000,-9224.139000
56.1000,-13752.335000
56.2000,-12934.829000
56.3000,-11737.161000
56.4000,-12191.116000
56.5000,-11200.887000
56.6000,-10361.056000
56.7000,-9584.171000
56.8000,-10401.225000
56.9000,-12155.220000
57.0000,-10114.252000
57.1000,-9015.560000
57.2000,-10034.543000
57.3000,-9180.367000
57.4000,-10013.467000
57.5000,-9694.214000
57.6000,-9875.604000
57.7000,-6368.380000
57.8000,-9830.478000
57.9000,-9047.262000
58.0000,-7645.115000
58.1000,-8176.568000
58.2000,-5994.506000
58.3000,-5597.759000
58.4000,-6943.873000
58.5000,-4326.494000
58.6000,-5134.593000
58.7000,-5231.250000
58.8000,-6007.641000
58.9000,-6476.635000
59.0000,-3565.128000
59.1000,-3103.012000
59.2000,-3877.251000
59.3000,-3169.451000
59.4000,-3697.954000
59.5000,-2829.669000
59.6000,-3047.771000
59.7000,-3080.385000
59.8000,-2996.971000
59.9000,-1560.609000
60.0000,-1041.729000
60.1000,-3778.096000
60.2000,-2402.584000
60.3000,-1723.090000
60.4000,-1382.705000
60.5000,-2391.908000
60.6000,-1476.260000
60.7000,-1471.749000
60.8000,-1314.333000
60.9000,-2481.535000
61.0000,-1921.660000
61.1000,-516.710000
61.2000,-1058.022000
61.3000,-2794.648000
61.4000,-1449.130000
61.5000,-1482.125000
61.6000,-1895.915000
61.7000,-2375.300000
61.8000,-1300.854000
61.9000,-3008.446000
62.0000,-1834.734000
62.1000,-1657.328000
62.2000,196.955000
62.3000,-1158.308000
62.4000,-860.149000
62.5000,-958.655000
62.6000,-1576.374000
62.7000,-606.626000
62.8000,-1319.223000
62.9000,-1772.004000
63.0000,-1175.480000
63.1000,-3051.158000
63.2000,-2432.795000
63.3000,-2416.004000
63.4000,-2079.148000
63.5000,-2739.608000
63.6000,-4314.209000
63.7000,-2988.883000
63.8000,-1447.760000
63.9000,-4722.072000
64.0000,-2874.837000
64.1000,-4602.577000
64.2000,-3134.071000
64.3000,-4124.273000
64.4000,-4708.784000
64.5000,-5056.578000
64.6000,-6029.199000
64.7000,-3925.249000
64.8000,-4890.087000
64.9000,-4074.616000
65.0000,-6773.276000
65.1000,-5133.726000
65.2000,-5266.041000
65.3000,-5331.259000
65.4000,-6333.517000
65.5000,-5665.320000
65.6000,-6675.201000
65.7000,-5896.102000
65.8000,-6434.789000
65.9000,-8813.643000
66.0000,-8182.495000
66.1000,-8039.918000
66.2000,-7236.794000
66.3000,-8551.107000
66.4000,-8959.903000
66.5000,-9189.597000
66.6000,-9243.695000
66.7000,-9716.009000
66.8000,-9901.152000
66.9000,-9639.447000
67.0000,-11517.852000
67.1000,-10976.485000
67.2000,-10657.560000
67.3000,-12583.238000
67.4000,-12788.036000
67.5000,-12956.981000
67.6000,-14865.692000
67.7000,-11974.126000
67.8000,-14986.098000
67.9000,-13350.979000
68.0000,-12747.208000
68.1000,-15630.707000
68.2000,-13523.357000
68.3000,-16098.642000
68.4000,-16556.717000
68.5000,-14774.633000
68.6000,-15374.111000
68.7000,-13056.885000
68.8000,-15984.044000
68.9000,-16225.881000
69.0000,-17058.502000
69.1000,-16016.983000
69.2000,-15497.248000
69.3000,-15785.639000
69.4000,-17387.588000
69.5000,-17187.080000
69.6000,-16609.178000
69.7000,-18230.768000
69.8000,-17345.786000
69.9000,-17858.144000
70.0000,-17977.036000
70.1000,-16844.448000
70.2000,-15447.460000
70.3000,-16408.794000
70.4000,-17684.196000
70.5000,-16783.416000
70.6000,-15709.970000
70.7000,-17027.882000
70.8000,-17331.044000
70.9000,-18459.208000
71.0000,-18028.312000
71.1000,-19666.102000
71.2000,-17474.166000
71.3000,-17926.734000
71.4000,-18900.966000
71.5000,-18995.888000
71.6000,-18588.358000
71.7000,-18860.062000
71.8000,-19213.110000
71.9000,-18430.508000
72.0000,-17400.050000
72.1000,-19763.266000
72.2000,-17188.374000
72.3000,-17751.664000
72.4000,-18636.406000
72.5000,-16653.233000
72.6000,-19530.346000
72.7000,-19129.504000
72.8000,-17188.324000
72.9000,-21139.224000
73.0000,-19300.160000
73.1000,-19156.922000
73.2000,-18981.120000
73.3000,-17707.214000
73.4000,-16485.382000
73.5000,-19137.860000
73.6000,-17853.412000
73.7000,-19164.722000
73.8000,-18252.732000
73.9000,-18310.622000
74.0000,-18825.324000
74.1000,-16997.288000
74.2000,-16766.107000
74.3000,-17974.584000
74.4000,-16643.703000
74.5000,-18231.406000
74.6000,-14695.925000
74.7000,-19701.510000
74.8000,-16579.722000
74.9000,-16016.606000
75.0000,-17010.902000
75.1000,-16341.470000
75.2000,-14463.574000
75.3000,-14105.992000
75.4000,-15504.417000
75.5000,-15266.725000
75.6000,-15312.862000
75.7000,-14712.094000
75.8000,-16034.320000
75.9000,-14935.541000
76.0000,-15287.350000
76.1000,-14210.594000
76.2000,-15493.038000
76.3000,-14807.408000
76.4000,-13815.552000
76.5000,-13587.958000
76.6000,-12372.519000
76.7000,-14898.608000
76.8000,-14349.915000
76.9000,-14732.948000
77.0000,-12351.928000
77.1000,-13305.018000
77.2000,-12268.479000
77.3000,-12099.280000
77.4000,-11978.256000
77.5000,-13814.071000
77.6000,-13318.701000
77.7000,-11120.040000
77.8000,-11555.487000
77.9000,-14323.415000
78.0000,-13746.369000
78.1000,-12856.890000
78.2000,-11953.157000
78.3000,-13621.102000
78.4000,-12595.707000
78.5000,-10742.871000
78.6000,-13734.761000
78.7000,-9422.428000
78.8000,-13058.993000
78.9000,-10773.502000
79.0000,-11461.973000
79.1000,-10665.187000
79.2000,-11757.811000
79.3000,-10946.772000
79.4000,-9914.152000
79.5000,-10527.265000
79.6000,-13539.006000
79.7000,-11822.800000
79.8000,-10515.519000
79.9000,-13115.795000
80.0000,-11511.420000
80.1000,-11338.381000
80.2000,-11326.288000
80.3000,-11800.413000
80.4000,-10722.723000
80.5000,-11306.130000
80.6000,-10885.893000
80.7000,-9577.083000
80.8000,-10423.119000
80.9000,-10271.552000
81.0000,-11377.239000
81.1000,-9104.208000
81.2000,-11322.131000
81.3000,-11007.482000
81.4000,-10538.450000
81.5000,-11597.778000
81.6000,-10877.507000
81.7000,-10420.374000
81.8000,-11567.083000
81.9000,-11456.993000
82.0000,-9124.804000
82.1000,-10453.079000
82.2000,-12824.885000
82.3000,-9945.004000
82.4000,-10492.351000
82.5000,-11557.364000
82.6000,-9811.589000
82.7000,-10289.494000
82.8000,-8628.461000
82.9000,-9221.048000
83.0000,-11331.396000
83.1000,-11869.215000
83.2000,-11246.352000
83.3000,-11571.640000
83.4000,-10981.298000
83.5000,-10612.547000
83.6000,-9142.470000
83.7000,-9465.569000
83.8000,-11129.230000
83.9000,-10658.408000
84.0000,-10341.591000
84.1000,-10941.229000
84.2000,-10089.649000
84.3000,-11321.582000
84.4000,-11602.182000
84.5000,-11546.609000
84.6000,-11718.371000
84.7000,-8676.078000
84.8000,-9941.776000
84.9000,-11829.988000
85.0000,-9331.187000
85.1000,-10228.705000
85.2000,-11398.534000
85.3000,-9790.110000
85.4000,-11133.657000
85.5000,-12052.421000
85.6000,-10945.461000
85.7000,-10527.961000
85.8000,-11888.608000
85.9000,-11252.872000
86.0000,-9910.826000
86.1000,-11078.985000
86.2000,-12235.651000
86.3000,-9487.535000
86.4000,-11655.887000
86.5000,-9405.113000
86.6000,-10307.111000
86.7000,-11412.876000
86.8000,-9989.334000
86.9000,-9343.219000
87.0000,-9725.703000
87.1000,-9190.682000
87.2000,-9162.179000
87.3000,-9901.392000
87.4000,-11367.398000
87.5000,-9963.910000
87.6000,-8789.017000
87.7000,-9059.938000
87.8000,-8365.518000
87.9000,-11225.538000
88.0000,-8572.316000
88.1000,-8227.692000
88.2000,-8914.632000
88.3000,-10103.381000
88.4000,-10007.020000
88.5000,-8085.532000
88.6000,-6310.772000
88.7000,-6457.427000
88.8000,-8303.729000
88.9000,-9080.495000
89.0000,-9142.531000
89.1000,-10157.009000
89.2000,-7753.096000
89.3000,-8258.033000
89.4000,-8701.445000
89.5000,-7379.044000
89.6000,-7372.006000
89.7000,-6231.413000
89.8000,-7544.046000
89.9000,-5898.975000
90.0000,-7679.817000
